item_id,text,datalike_count
3890170466896259347_66660792505,台北鼠患問題有人點名阿扁總統，但都沒有看到大家詢問應該最有資格回應的郝龍斌前市長，人家當年可是從績優的環保局長躍升當選市長呢，想必對於老鼠問題一定很有見解，怎麼不趕快出來給萬安小老弟一些指導棋？不然紅薇服務處就要開始收老鼠了⋯⋯,29
3890172957516062340_67462622698,看到老鼠不要拍照不要上傳，就沒有鼠患這件事。\n器官活摘不要報導不要上傳，就沒有器官活摘這件事。\n好熟悉的味道喔，果然系出同門。,34
3890179955695264381_63243585971,為沈伯洋啟動大罷免模式？！\n被揭發造假就送老鼠到學校住宅區？！\n#王鴻薇 #立法院,6
3888994203631473327_64425309222,鼠一鼠二鼠到三，給大家看老家鄰居在門口養的小米奇。,5156
3889537591210080283_67525438783,老鼠不會笨到跳進一個跳不回來的地方覓食。給中央廚房的意見。增加故事的可信度～,3642
3890059044137209011_63157908589,《話當年阿扁市府團隊如何處理鼠患》\n\n解決鼠患用不著市長，秘書長就夠了啦！\n阿扁頃接市長任內第一位國民黨籍秘書長廖正井來訊，略以\n1、最近台北市老鼠猖獗為患，讓我想起總統擔任台北市長，時任秘書長代表市長與民有約，有位董事長夫人來陳情，水溝、防火巷、公園，蟑螂、老鼠橫行，而且小巷垃圾也多，希望市府能夠重視。\n2、經報告市長奉指示全權處理。我當時採取最傳統的方法，召集12區的環保清潔人員，集中人力起來一區一區的大掃除，將水溝、防火巷、小巷、公園清理乾淨，每天清除的垃圾立即由環保局垃圾車清運完畢，每區一個禮拜，12區花了12個禮拜。\n3、我記得當時在民生東路民生社區督導時，有一位日本婦人親自向我致謝，印象深刻。\n4、此項市政工作應該是一石多鳥，不僅蟑螂、老鼠少了，水溝也清了，防汛期也不怕阻塞，蚊子也少了，街頭也亁淨了。\n廖秘書長，市民感謝有您！,23103
3889971029091537440_63412484492,台北市鼠患議題在網路持續延燒，遭人質疑已經演變成政治攻防。近日有網友就發文詢問「台北真的滿街老鼠嗎？」。大部分的台北市民直言，「老鼠本來就有，但沒有特別變多的感覺，反而是討論度高了一百倍」。也有住台北...,455
3890097256293022244_63164462564,如果沒有鼠患，台北市為什麼要計劃投放一萬公斤老鼠藥？\n你們的意思是蔣萬安在製造民眾恐慌？,123
3890130064491694756_64598690239,桃園市也鼠患了，我剛看到好多老鼠😅😅\n市府都不處理嗎？,233
3890174931858508344_63428982017,北北基桃 老鼠一日生活圈🤡,4
3890172794381633132_73386777181,聽你在亂唬爛的飲料店\n\n店弟：他是什麼意思？！….\n\n闆娘姐：白話是「看到老鼠請它媽給偶閉嘴，這會影響我連任！」,41
3888658125553877845_64054924971,章萬安決定要大肆投老鼠藥，\n我不覺得是純粹的笨，\n而是他算過了。\n\n我家附近的知名老字號餐廳，\n打烊以後會把廚餘放在店門口等清潔公司來收，\n垃圾桶常常塞到滿出來，\n市府如果強硬取締這種店家，\n可能會掉不少票。\n\n但老鼠藥毒死野貓或野鳥，\n牠們沒有選票，\n天龍人就算看到牠們的屍體，\n大部分的人也會覺得：「這也是沒辦法的事。」，\n不太會掉票。\n\n至於威脅到寵物方面，\n會擔心的飼主已經開始做出調整了。\n有資訊差的那些人，\n就算真的出事了，也不見得會鬧大。\n的確天龍國有很多愛貓愛狗人士，\n但老一輩的天龍人其實多少都遇過或聽過寵物被老鼠藥毒死的事情。\n\n我家有長輩是大安區的資深天龍人，\n他家的狗就是在外面誤食老鼠藥掛了，\n他非常傷心，\n但也沒有進一步去追查是誰放的藥，\n更不用說檢討市政府的防鼠政策。\n\n章萬安需要的是被質疑的時候有東西可以證明他有處理，\n他也很清楚台北市的泛藍選民會怎麼想，\n所以選擇大量投藥。,7704
3887253471683197638_73183866377,這幾天有個好笑的事\n\n台北老鼠這麼多怎麼辦？\n記者不找蔣萬安，都在問沈伯洋,10504
3888031723547654075_77952319142,大家好，我是老鼠，這次縣市長選舉我堅定支持蔣萬安,19025
3884443963318942603_63872047500,蔣萬安 \n請問什麼時候要處理老鼠的問題\n我媽在家睡覺被老鼠咬到肚子和手\n扯不扯！\n我家在中山區！\n怒欸,25455
3887858979813108555_64255313235,看到有人問為什麼老鼠這麼多，不忘多加一句拜託不要扯政治⋯\n原來也是可以老鼠歸老鼠，政治歸政治⋯,2738
3889556218784067844_63483881618,台北正值安鼠之亂，面對北市府手足無措民眾除了自救外，也有寵物溝通師加入戰場，並指出經遊說後，有64隻老鼠願離開台北市區，可能往新北移動。,47297
3889715978490287781_66063382782,放心啦 選舉完老鼠就消失了,688
3890052227680339597_63433591241,當3年前的老鼠穿越到3天前\n*能噴台北，管他真偽🤡4萬👍,1053
3889757351566318596_63291595325,看到一堆人說台北鼠患是假的\n實際根本沒老鼠\n走下樓不到一分鐘內就拍到兩隻\n萬華西寧南路189號附近\n不相信的歡迎來現場賞鼠 半夜一堆\n沒有要提政治 就真的是有一堆老鼠謝謝,2024
3889556218784067844_63483881618,台北正值安鼠之亂，面對北市府手足無措民眾除了自救外，也有寵物溝通師加入戰場，並指出經遊說後，有64隻老鼠願離開台北市區，可能往新北移動。,47297
3888785938755732125_76485617387,臺北市因為蔣不聽，已經有大量鳥類死亡了，然後老鼠還好好的。\n\n真的是二十年保育，比不上一個草包，感嘆。,21624
3890031826182873915_63204751165,從Google Trend來看，這幾天台北市人對於老鼠的關注度，比puma+蔣萬安加起來還要多兩倍，對於這問題的關注度遠超乎黨派。\n　\n不過，假如進一步搜尋，可以發現台北市民其實從4/20就開始陸續搜尋老鼠藥跟黏鼠板，且數量越來越高，在那之前可都是0搜尋。但Puma最早也是4/25才開始拜訪第一間宮廟，正式開始陸戰。所以除非 Puma可以在跑行程前一周就開始用腦波控制台北市人民買老鼠藥，不然就是有些人忽略了這些大數據的早期訊號。,1467
3889909852835880242_63274338383,真的不懂...網路社群上大戰台北鼠患？？？\n但實際上真的是如此嗎....🙄\n\n如果真的有，也應該全力配合市府，通力合作共同防治，而不是造成百姓心裡恐慌...\n\nPs.第一線基層公務人員不應該被當成政治操作的工具！！！\n\n#造謠一張嘴闢謠跑斷腿,304
3890037928583323225_63075414799,沒有鼠患蔣萬安還買一萬公斤老鼠藥，確定沒有貪污嗎？,379
3889733216879081718_69652220063,據本人在清潔隊服務7年觀察下來，老鼠其實一直都有，並沒有特別變多，只是今年初臺北有確診漢他病毒死亡案例引起了市民關注，再加上今年選舉年，在野陣營以及其支持者勢必要抓住機會做政治攻擊及操作，這很正常，加上現在有脆這個軟體比以前的臉書還有ig更有傳播效果，瘋狂洗版的後果，造就了鼠患好像很嚴重的現象。\n\n結論：選前日常，但清潔工作不停歇，持續努力打掃環境維護市容～Fighting !,3249
3889484238270058114_63088974267,台北市現在正面臨「電子鼠患」\n只存在於網路上的老鼠\n一堆人宣稱自己實拍\n但現場住戶卻沒人看到老鼠\n真有意思🤔,2606
3889532749380435933_63164462564,台北市民若抓到老鼠 不論死活\n請勿隨意丟棄造成污染\n請送至 立委王鴻薇服務處\n\n王立委說台北沒有鼠患 是自導自演\n請大家提供證據給她\n\n立法委員王鴻薇服務處\n105臺北市松山區延壽街145號2樓\n（02）2756-3646,29413
3888061746401853947_64384151520,林智群：\n一堆人以為老鼠事件會讓大家選舉不投萬安。\n\n他們太淺了。\n\n水淹台北城、SARS封鎖和平醫院，台北藍色老人都吞得下去了，老鼠他們吞不下去？\n\n#老人就算是泡在屎尿裡面還是只投國民黨\n#這就是愛\n#被自己人虐待也是無怨無悔,6097
3889501519909707834_63265479816,居然開始有人出來洗地說台北沒鼠患？\n都是網軍在待風向？\n幹！我就住雙連啦！\n過了一個春季老鼠多了多少問當地人就知道了\n甘寧老鼠的帶風向咧！😡😡😡\n造謠死全家啦！！！,2391
3889588834799972636_64572746770,我住大安，老鼠每天從我家陽台經過我只能一直開關燈嚇他們，我在信義吃完飯走路回家，草叢三四隻在跑來跑去\n老鼠變多就是事實，台北現任市長郭姓還章姓或三姓就是失責,418
3888956139476946221_80126249658,綠營用老鼠來攻蔣萬安，其實也蠻好的，表示他們找不到什麼真正的議題。,515
3889466734659846521_63420814417,老鼠是很嚴重的問題耶,1727
3890169493088084238_64054924971,張禹宣在直播裡面說，\n昨天關鍵時刻原本還在猶豫要不要講台北市鼠患，\n後來為什麼決定要講呢？\n\n因為副控室出現一隻老鼠。\n副控室在19樓，\n而且禁止帶食物進去。\n\n章萬安、魏汶萱、王鴻薇、李明璇你們這些國民黨政客就繼續否認鼠患沒關係，\n老鼠生很快的🙂,55
3889427513739921856_63415142474,北市民眾多次目睹老鼠出沒街頭\n文山華興里里長認為，應該撤除市區街上非必要垃圾桶\n\n環境部長彭啟明要求市府公布老鼠藥投放地點，也建議北市啟動跨局處合作\n\n北市環保局長說明，「過去除了處理環境垃圾之外，還有填補鼠洞及設置捕鼠籠等，會跟環境部做討論。」,12252
3890056554239062270_63420814417,大家不要再吵老鼠了，等四週後高級百貨公司、市政府和台北車站及捷運車站內部開始有老鼠流竄時，場面才會更好看。\n\n我是不信你派網軍可以幫老鼠絕育耶。\n\n給他們生。,2281
3889445101336546217_66680122896,台北老鼠已經開始爬到桌上了….,21650
3889714322134409354_74180441949,超神奇 每個發老鼠圖帶風向的帳號 點進去都會有台派、台灣獨立、Taiwanese這種自介 屢試不爽 大家一定要試試,889
3888854995244859444_63468133246,要打去練舞室打,27674
3886723089157932288_63444464453,雙連市場十幾隻老鼠群聚跟動物園一樣，嚇死觀光客😂 我似乎要通報一下以免哪天爆發什麼漢他病毒⋯,23159
3889436497670133680_63205767699,老鼠也愛逛大創⋯,35353
3889099764910994640_63603152147,家裡有鼠患的，分享我最近抓老鼠的心得，\n\n一：封洞口：不要只貼膠帶！會被咬破。先塞入（不鏽鋼絲球 ）或 （密實的錫箔紙），外面再上 密封膠泥。老鼠討厭金屬感，這會讓他們很難咬。 ​\n\n然後塑膠紗窗只是擺設，請全面更換為 鐵絲網版本，才能徹底阻隔。 ​\n\n二：自製天然餌食\n黃金比例： \n小蘇打＋糖粉＋麵粉（1：1：1）。 ​\n強效誘引： 加入牠們最愛的 奶酥醬、花生醬或芝麻醬 揉成球。\n看你家米奇愛吃哪一味，像我家的就很會挑，專吃奶酥醬的陷阱……🥲 ​\n\n原理： 老鼠吃了會因無法排氣而脹氣死亡。 但對環境很友善，捕食者（貓、鷹）吃到屍體也不容易二次中毒。 ​\n\n記得帶手套製作： 老鼠嗅覺超靈！ 如果餌食沾到太多「人味」，牠們會產生警惕。 ​\n\n做好的誘餌最好放戶外（門口附近就好，以免引更多），引誘牠們出去吃，能避免死在天花板或家裡發臭。\n\n​⚠️ 缺點提醒： 天然配方比較怕潮濕，下雨天記得更換。 而且生效大概要好幾天，但為了環境跟浪浪，這點努力絕對值得！\n成功你就會看到屎越來越少。,10414
3690399248669349519_63962123504,遠看以為是巨型老鼠\n近看像極了小鱷魚\n牠到底是什麼？？？,22064
3889641251855647031_66627125192,新莊的老鼠還會游泳,24821
3889455211002186184_64514683092,家裡附近有這守護神，老鼠應該不會來天母這種邊陲地帶吧！ 拜託你了南蛇大大,12773
3889370481255046556_68200653457,我住台北市，常在中山、大安、文山活動\n去過無數餐廳、咖啡廳、公園，為啥我都看不到老鼠？\n難道我是老鼠絕緣體⋯,1898
3888996826825846343_65662829910,你們真以為老鼠問題現在很嚴重? 第二篇\n\n我沒有要危言聳聽 我只是在實話實說\n大家都以為頂多台北就變成巴黎 跟鼠想辦法共生好了\n.\n但大錯特錯\n因為\n巴黎可沒有颱風季\n.\n有沒有想到 你用,3966
3887502978572637112_64242089955,不過我是勸你們外地人不必替我們天龍人操心鼠患啦\n\n我們不要跟老鼠挑釁，他們就不會對我們怎麼樣了,26795
3890072350188620878_63529094696,鼠患真的好嚴重\n上個班還要抓勞贖🐭\n同事說為什麼有人敢用手抓（？\n我覺得敢用手拍死蟑螂的比較厲害\n老鼠很可愛啊 只是他品種不是可愛的那種\n\n我只知道我用掃把打蟑螂都會尖叫那種⋯\n但徒手抓老鼠 a piece of cake\n他比蟑螂可愛多了😌,310
3890151969470594847_63529094696,補充\n這在屏東\n老鼠已經吃到投餵的藥奄奄一息被抓到的\n沒被咬到 抓完有洗手 我也沒摸到\n後續處理 黏鼠板黏住闔起來確認無法掙脫後送進垃圾桶了,25
3889185033106462324_63549300986,說到治鼠，紐約的鼠患也是世界有名的。\n\n能做的他們都做過，傳統的「投毒」當然也試過。\n但結果就是：沒效，還導致了悲慘的二次中毒 🦉\n對，就是那隻因為吃到毒鼠而死掉的紐約明星貓頭鷹 Flaco。\n\n痛定思痛後，\n紐約在 2024 推動了《弗拉科法案》（Flaco's Law），\n放棄大規模毒殺，改投「絕育藥丸」，\n並用一氧化碳與乾冰處理鼠洞。\n\n真心希望北市能借鏡紐約的經驗。一味推行毒殺，\n最後死的不只是老鼠，\n還會讓城市生態鏈崩潰，賠上更多猛禽和流浪貓狗的命。,14316
3889343787236009639_48610898239,我思，,23230
3888796850237644691_63285090064,現在台北市要怎麼最快速有效的讓老鼠減少？\n\n根本不需要老鼠藥跟發泡劑，只要從現在開始強力取締+清掃路邊的垃圾和廚餘就好，誰亂丟就重罰誰，包含那些到處亂丟飼料餵貓餵狗的礙爸礙媽\n那堆飼料廚餘貓狗吃完後就留在路邊最後都嘛老鼠在吃，根本就是在餵老鼠幫他們開垃圾食物派對\n\n這幾件事做下去老鼠就會自然的變少了\n但蔣不聽不會聽，因為他覺得灑老鼠藥跟把老鼠洞封起來最快最省事，根本完全沒有考慮到老鼠藥會毒死的不止是老鼠，還有其他一年可以吃幾百幾千隻老鼠的高階獵食者，然後老鼠只要一個繁殖季就可以生回被毒死的量，甚至翻個幾倍\n\n但老鷹等高階消費者的族群要長回來要花他媽的20年\n\n幹,12493
3889653721345506322_63417125057,台北鼠患超嚴重！我們家也是老鼠的家😑\n幹😩😩😩,6452
3889559248564209665_71803824260,國立臺灣鼠患大學袋子的含金量持續上升中。。。師大大老鼠！！！！（真的有夠多老鼠==）,5525
3888925007708115772_66875219097,幹 \n台北市要淪陷了嗎 ? \n才過幾個小時 已經通報成這樣了\n\n新店溪 淡水河靠你們撐住了 要阻止老鼠渡河阿..\n救命啊!!!\n\n附上超強網友製作的\n老鼠通報地圖\n,21492
3890030263762405767_63488193621,好消息🎉🎉🎉\n昨天蔣萬安傾全市府、全國民黨之力打完林亮君之後，\n今天正式宣佈台北市沒有鼠患！！！,2564
3890128936844266756_63444828059,既然沒有鼠患，台北市特地採購的1萬公斤老鼠藥是不是圖利廠商？,76
3889516212322030364_65620519431,不是 現在到底台北有沒有鼠患啊？一邊說有，一邊說造謠？,145
3889739548415145852_63045486789,沒有啊，王鴻薇說沒有老鼠啊，所以台北市政府買11噸的老鼠藥會不會純粹是萬安市長想貪污？,4042
3890043376909488311_74676891159,昨天分享溝鼠智商大約等於6~8歲小朋友\n大家都說太誇張了🤯\n\n那更要看看這隻IQ180的鼠鼠\n怎樣在一堆黏鼠板中搬出生路\n帶著吱吱笑聲離開🤣,673
3890155436851305248_63208689592,超級老鼠~~~,10
3888818270288099065_63045486789,今天下午都在研究台北市大量投老鼠藥後可能造成不同局面的影響，兩天前我也有發文預警此事。\n\n台北市鼠患若要系統性崩潰，大致上有三大要素，目前已集齊兩個，接下需要緊盯關鍵時間跟最後一個事件（明天節目會說）：\n\n現在已經發生的「掠食者中毒」：喜鵲已死。而其他黑冠麻鷺、鳳頭蒼鷹、流浪貓狗，甚至是公園裡的松鼠（偶爾會誤食）都是潛在受害者。老鼠吃到藥後行動變得遲緩，這讓牠們更容易被捕食。\n\n進而造成的是毒物的生物累積：猛禽或流浪動物捕食多隻「帶毒老鼠」後，體內毒素濃度會迅速超過代謝極限。\n\n於是帳面上統計在案的見鼠率可能暫時明顯下滑，並伴隨著原有的老鼠天敵（鳥類與貓）大量死亡，而這批「天然壓制力」消失，反而會在投藥過後，導致老鼠族群出現不受控的爆發式增長。\n\n接下來遇到6、7月的爆雨高峰期，會把被台北市政府鎖在地底下用PU堵住的老鼠，因淹水而逃竄而出。而這一批就剛好是目前被投藥篩選出來、具有抗藥性、孕育出的第二代天選超級老鼠。\n\n完整分析我明天錄Podcast會好好跟大家用數學模型跟統計學算清楚這筆帳。只能說情況非常不樂觀，甚至可以說非常糟糕。請務必做好準備。,9695
3887835760053907331_70126326169,前面是鳥吃中毒老鼠，現在換成貓。\n\n同一件事，不同受害者。\n\n老鼠吃藥，鳥吃老鼠，貓再吃老鼠，這就是「食物鏈放大效應」毒一路往上走，沒有誰躲得掉。\n\n台北現在這樣大量灑老鼠藥，看起來是在滅鼠，其實是在讓整個生態一起陪葬。\n\n今天倒的是鳥，明天是貓，那後天呢？\n\n老鼠不一定清得乾淨，但該存在的生態，正在被一點一點清掉。,9934
3886988182567828221_70404144995,我從不在臉書發表政治立場\n\n但是台北市真的養鼠為患欸\n\n榮星花園走過來，多少老鼠⋯\n\n現在投藥直接丟在花園地表\n\n是要間接害死多少動物\n\n講不聽就是講不聽,7126
3888587498323163420_63065077457,最近有養狗的人要注意了\n若你的毛小孩有以下症狀請迅速就醫\n千萬不要拖！\n\n不明原因牙齦出血\n皮下瘀血\n\n我姐的西施犬遛狗時出事了\n血檢後診斷是急性中毒現象\n醫生判斷90%是老鼠藥引起\n由於家中並無引發中毒物\n極大可能是在公園散步時誤觸誤食\n千萬注意‼️,8226
3889375218192528733_64571603926,最近老鼠的新聞 讓我想到去年辦公室突然發現老鼠\n放了黏鼠板 第一次有抓到 \n第二次就看到這個景象\n難以置信老鼠這麼有智慧 把黏鼠板邊邊的木頭啃下來鋪路 不愧是活了千萬年的大前輩,15044
3888276917509539757_63285090064,花了二十年宣導不要用老鼠藥，拍了老鷹想飛讓大家都認識了黑鳶、有了老鷹紅豆開啟友善農業先例\n好不容易終於把黑鳶的數量從1992年的不到200隻拉到2025年有一天觀測破千隻的紀錄\n\n現在我們甚至只要騎車上中興橋、台北橋等大一點的橋就有機會和黑鳶面對面，看著牠們在旁邊翱翔、捕獵\n\n對，就是二十年\n上一篇文講的要讓牠們的族群長回來就是要這麼久，人生能有幾個二十年？二十年都夠人讀到大學了\n那時候我甚至還只是個在流鼻涕的臭小鬼\n\n然後現在台北市大灑老鼠藥，二十年來的努力可能要付諸東流\n真的是謝謝欸🙄\n\n這是我在台北市拍到的黑鳶，希望我以後還有機會可以繼續拍,33660
3889642223079264963_64461727632,下班去北車搭機捷，馬上看到老鼠跟我說再見。\n\n搭機捷那麼多年，看過流浪漢、醉漢、拉小提琴街頭藝人，沒有看過老鼠散步。回家要翻《鼠疫》複習卡繆了。\n\n蔣萬安我謝謝你。,4870
3889456174064723298_64379927514,你們知道台北市跟高雄市「投放老鼠藥」差在哪嗎？\n\n明明都是投放老鼠藥：\n❌台北市府是「隨地野放」；\n⭕️高雄市府則是「毒餌盒」。\n\n所以，別再亂扯老鼠藥，\n問題一直都是「怎麼投放的」。,12504
3890171038319862924_63219244506,🤔 為什麼老鼠藥反而會讓老鼠變更多？來聽我說個故事喔！\n\n🐭 因為吃完老鼠藥的老鼠，不會馬上就「咻」一下變不見，牠們還會跑來跑去只是變成帶毒老鼠。\n\n這時候，如果厲害的老鷹或是蛇蛇肚子餓，把這些吃到毒藥的老鼠吃掉，那老鷹跟蛇蛇也會因為吃到毒毒而生病、死掉喔。\n\n🦅 老鷹爸爸媽媽要長大到 2 歲才可以生小寶寶，而且一年能生出來的小老鷹，不到 5 隻。\n\n🐍 蛇爸爸媽媽也要長到 2、3 歲才可以生小蛇，一年生出來的小蛇蛇，大概不到 20 隻。\n\n🐭 可是老鼠不一樣喔！\n\n牠們只要出生 2、3 個月，就可以當爸爸媽媽了！而且生完小寶寶，老鼠媽媽馬上又可以懷孕，一次就可以生快 20 隻小老鼠！\n\n🧮 如果這群老鼠都沒有被抓走，一年保守估計，可以變成超過 800 隻小老鼠耶！\n\n❌ 如果幫忙抓老鼠的大老鷹跟大蛇蛇，都因為吃到毒老鼠死掉了，就沒有人可以幫忙吃掉老鼠。\n\n🎈 那剩下的老鼠就會越來越多，變成超級巨大的「老鼠派對」！這樣你聽懂了嗎？,95
3887896673637341703_72752924087,很少去大安區，印象中是台灣最高級的住宅區，軍公教、有錢人住的地方。\n為什麼是大安區先爆發老鼠？,2134
3889568354440167821_27055621853,我是寵物溝通師\n\n很多人問我們說：為什麼不去跟老鼠們溝通，請他們離開？\n\n以下幾點鄭重說明！\n\n首先\n1、溝通的對象要有3～5歲以上（人類幼兒標準）的智商，不然你溝通只會得到一堆很混亂的資訊。\n\n2、要有媒介：強到弱\n實體（面對面）、照片（有眼睛👁️）、物品（用過的玩具）\n\n3、老鼠數量是很龐大的，就算你溝通一隻，也沒辦法溝通全部，光是人跟人講話，你也不可能一天溝通完台北市的人。\n\n4、溝通是了解他們的想法，或是高知他們一些資訊，但溝通不是操縱，你叫他們離開？那要去哪裡？\n他們也要生存！\n\n希望大家能更理性看待寵物溝通，這是一門很專業需要靈性的課程！,1439
3889990725485322650_63317898313,能說出老鼠智商低這種話\n你老老實實找個班上好不好,26
3889568354440167821_27055621853,我是寵物溝通師\n\n很多人問我們說：為什麼不去跟老鼠們溝通，請他們離開？\n\n以下幾點鄭重說明！\n\n首先\n1、溝通的對象要有3～5歲以上（人類幼兒標準）的智商，不然你溝通只會得到一堆很混亂的資訊。\n\n2、要有媒介：強到弱\n實體（面對面）、照片（有眼睛👁️）、物品（用過的玩具）\n\n3、老鼠數量是很龐大的，就算你溝通一隻，也沒辦法溝通全部，光是人跟人講話，你也不可能一天溝通完台北市的人。\n\n4、溝通是了解他們的想法，或是高知他們一些資訊，但溝通不是操縱，你叫他們離開？那要去哪裡？\n他們也要生存！\n\n希望大家能更理性看待寵物溝通，這是一門很專業需要靈性的課程！,1439
3890153295105825819_64237898554,老鼠應該也會有一個老鼠王吧\n只要溝通他去跟蔣萬安簽平等互不侵犯條約就好了啊\n溝通師再去當中間的口譯\n再賺一筆\n這都做不到還敢自稱溝通師喔,3
3889747725420952625_63744862457,去年修一堂通識\n作業是要去指定的狗場志工服務\n結果到那邊發現\n主責阿嬤不只會餵狗、貓、鳥\n還會餵他媽的老鼠！\n貓咪甚至算是放養的\n\n夭壽 我此生沒看過這麼多老鼠\n就像蟑螂窩的蟑螂一樣\n我問阿嬤為啥要餵老鼠\n阿嬤說什麼要讓眾生都有得吃之類的…\n\n突然想起來問題可大了\n這間狗場在內湖區,1575
3889773820458701543_76038020936,台北市真的有老鼠，還在吃蟑螂…\n這在中正區，請好好解決,935
3889677077964195312_80641539551,今天跑去大安看老鼠，結果找不到老鼠反而松鼠一大堆，還有一堆白鷺鷥跟夜鷺\n\n難道我有老鼠絕緣體？,585
3888644323676057538_63281370747,當然是台北的老鼠,3404
3886881393750529563_65222843378,台北鼠患嚴重，市府要滅鼠，沒有人反對。\n但問題是：中央對滅鼠毒餌使用早已有基本安全規範，台北市政府卻連最基本的標準程序都做不到。\n\n滅鼠毒餌不是可以隨便丟在市場旁、花圃裡、草地上的東西。依照中央防鼠與滅鼠安全原則，毒餌應放置在安全、隱蔽、不易被兒童與寵物接觸的位置；必要時應使用防誤食設施，並注意鼠屍清除，避免其他動物誤食中毒鼠屍。\n\n但現在議員揭露，台北市今年鼠藥投放量已達約1萬公斤，甚至出現鼠藥直接裸露擺放在市場旁花圃、草地上的情況。這不是「有沒有滅鼠」的問題，而是市府在大量投藥時，有沒有照基本程序做事。\n\n如果鼠藥被雨水沖入排水溝、河川，誰來追蹤環境風險？\n如果吃了毒餌的老鼠被黑冠麻鷺、猛禽、流浪貓狗或寵物犬貓吃下去，誰來負責二次中毒？\n如果孩子或民眾在公園、花圃誤觸毒餌，市府是否有警示標示與通報機制？\n\n台北市政府不能只用一句「鼠患嚴重，所以要投藥」就帶過。\n公共衛生不是把藥丟出去就算有做事。\n\n市府至少應該公開說明：\n\n第一，鼠藥投放地點、數量與藥劑種類。\n第二，是否全面使用防誤食餌盒，而不是裸露放置。\n第三，市場、公園、學校、河濱周邊是否有清楚警示標示。,2655
3888357545807678389_63459186203,我如果去把台北市的老鼠藥撿起來違法嗎？\n\n不違法的話我要去撿起來處理了，\n這些曝曬在外的老鼠藥滅最多的根本不是老鼠啊，\n老鼠被滅之前本土鳥類就已經先死一片了吧？\n\n你祖上無差別沙台灣人，\n你根本計劃無差別坑沙本土鳥類吧？,6439
3889682966683836547_63415149572,【撿起毒藥 • 守護飛鳥 | 日常撿垃圾即刻開始】 \n\n草地有黑冠麻鷺地瓜，公園有鳳頭蒼鷹，就連高架橋也有樹鵲棲息。\n\n這不是白日夢，這是我喜歡的日常畫面，這是野鳥因應人類開發和推動保育，很多年才有的一點成果。\n\n然而，北市府廣灑大量毒藥，不僅無效防治鼠患，更直接摧毀生態鏈，毒死野鳥。\n\n難過至極，我們又能實際做什麼呢？\n\nStep 1️⃣ 看到毒鼠藥，拍照存證紀錄地點\n\nStep 2️⃣ 戴手套撿拾，或用夾子夾起\n\nStep 3️⃣ 放進塑膠袋 / 塑膠盒密封包好，用奇異筆標示「毒鼠藥」更好\n\nStep 4️⃣ 維持密封狀態，丟到一般垃圾桶\n\nStep 5️⃣ 仔細清潔雙手和器具、以醫用酒精消毒\n\n有人說鼠藥是公共財，鼠藥裸露在外，臺北市政府也不承認是他們放的，只會說是民眾放的。\n\n政不政府都太慢，機關推託毫無作用，\n野鳥、野生動物的浩劫，是燃眉之急。\n\n鼠藥上面沒寫名字，別人在公共場合亂丟垃圾，難道把垃圾拿去丟是偷竊？還是要撿起來拿去招領？\n\n手套、塑膠袋 / 塑膠盒備好放包包，遇到就撿。\n\n相信人有力氣丟，人就有力氣撿，\n從生活開始，大家一起來。 \n\n一個實際的小舉動可以救野鳥。,1736
3889573234119835595_75857764125,請廣大民眾不用再打1999\n把活體老鼠\n死掉老鼠往這裡送\n請台北市民有抓到老鼠的\n不論死活還是在捕鼠籠剛生出來的\n請送至王鴻薇服務處，請勿隨意處理\n\n王大立委說台北沒有鼠患，都是假的！\n讓她多做點選民服務！增加親民形象！\n\n立法委員王鴻薇服務處\n105臺北市松山區延壽街145號2樓\n（02）2756-3646\n\n賴士葆文山區景興路254號\n給他們加餐\n老鼠餐,8759
3889768190394201872_68788948642,台北市好刺激，隨手拍就拍到老鼠一家親,907
3889965258056583372_64683067045,因為措手不及而心慌意亂\n演變成氣急敗壞荒腔走板的狀態。\n\n我說的不只是在野無法面對賴總統的出訪捷報，\n也是蔣萬安無能因應鼠情肆虐的滿街民怨。,2797
3890007338258520149_77606846006,無恥綠買這麼多老鼠藥是要給誰？,175
3889505419336525420_73202949773,能不能請老鼠叫臺北的寵物溝通師離開,2666
3890137872079203687_64368597731,沒進口的毒馬鈴薯罵到像天崩地裂\n在台北逛大街的老鼠說是自導自演\n　\n一群賤人,155
3890006800859456782_63418683787,關於鼠患問題，我去年八月就說過了。\n\n「反核團體長年散布謠言、煽動恐懼，就像14世紀歐洲流行的黑死病，反智的瘟疫正在侵蝕社會。\n\n而且還有人在餵養這些鼠輩。\n\n如今，過街老鼠從四成掉到三成，再到兩成，就像邪教洗腦永遠存在，那是他們的自由。\n\n我們的使命，是為社會注入疫苗，將知識武裝到牙齒，讓民眾能以理性抵抗恐懼。」\n\n不論付出多少代價，人類一定會戰勝崩壞。為世界上所有的美好而戰。,1089
3890008969826666669_69605832372,我就覺得很奇怪，我交友圈算廣闊，每天要遇到的人上百個，都沒聽到在講老鼠，我每天也在台北街頭穿梭，也沒看到老鼠，怎麼憨鳥的世界裡都是老鼠，真他媽平行時空,47
3887873686821712678_63602249172,現在連老鼠變多都要有人當成這是特定陣營在議題操作膝反射反駁，拜託這種事有什麼好騙的，台北就真的老鼠變超多啊= =\n\n我在市中心做餐飲業真的要跟你說鐵門拉下來後都是什麼畫面嗎💀,1253
3889492129073399490_63413818878,《麻煩不要去吃百貨的餐飲店家》：\n\n這樣講，會讓人覺得很聳動、標題殺人法，但是是事實。\n\n因為就算每天落實清潔過程，自己店家的不鏽鋼擦的會反光、爐台完全沒屑屑、水溝完全沒廚餘殘渣並清潔液刷洗過、每日倒廚餘桶、蔬果食材醬料落實冷藏、冷凍管理，還是完全沒意義！\n\n因為百貨每個樓層的管線都是互通的，你只要營業店鋪的那個樓層，有其中一個店家沒有落實食材保鮮管理、把塑膠容器的調味料放室溫場合、甚至清潔沒落實，很好！\n\n整個樓層十幾間店鋪都會被老鼠跟蟑螂集體光顧並淪陷，我以前在百貨業店家工作，換了三家餐飲品牌，每個都是一模一樣，只要電燈關掉，只要十分鐘後再進去打開電燈，一堆蟑螂老鼠滿街跑！\n\n每天早上都要擦拭並整理出餐站頂端的老鼠屎跟蟑螂大便，上次爆發食安風暴、身亡六人，董事長潛逃國外的餐飲品牌-位於台北市信義區遠百A13的寶林茶室，就是百貨業的餐飲店家！\n\n所以呢，要不要去百貨的餐飲店家吃飯，個人自由，但我是餐飲從業人員14年的資歷，告訴你；要吃請務必記得，餐飲業人員流動率很高，時間與勞動成本不符合薪資福利，不用說明薪資福利、三節、年終、分紅之類，每天工作12-16小時，要落實基礎工作，也很難呢,677
3886793796172841587_64836125043,靠邀\n台北市老鼠蔓延到內湖了\n網球中心這邊出現ㄌ,2461
3888962088300367947_70195190870,台北鼠患\n\n不反串認真請教🫡\n\n我新北人36歲\n從小到大生活圈都在台北市\n對近日鼠患感到非常震驚\n\n之前本來覺得雙北二十幾年如一日\n（比起高雄這幾年有種 突然變成觀光城市、演唱會之都的感覺？）\n沒什麼太大的改變也沒有進步\n但好像也沒影響到生活什麼\n捷運還是有在蓋 也沒什麼大淹水之類這種顯然是都市治理需要改進的問題\n\n結果突然鼠患？？？\n老鼠數量要變多多到白天常常看到在路上跑？？\n應該不是幾個月內短時間就可以造成的吧？？\n\n到底是哪裡不對\n才會連城市的衛生這種超級基礎的居住條件都可以出問題？\n\n有沒有了解公部門運作、或是公衛領域的大大（應該是跟這個相關？）可以說明一下到底是哪個齒輪壞了？\n為什麼老鼠的數量會突然暴增\n是什麼該做的事情沒做才會誇張到這種程度…\n\n真心求教～～～,202
3888936457159732588_63453504137,到底是要多沒國際觀\n才會一直罵我們萬安公子啊？\n\n市長這是在推動台北巴黎雙城論壇的前置作業\n如果連與老鼠共存都學不會，\n台北市以後拿什麼跟人家浪漫之都當姊妹市？\n\n支持帥哥市長的法式政績🐀,358
3890119352673960140_65888305546,你家有老鼠的話，你會怎麼處理？\n國民黨就是不把台灣當成家，滾回去吧‼️,107
3887314277950382776_63260054804,台北街上老鼠為患\n高雄路上只有松鼠\n\n我大高雄❤️,10308
3890098026552281286_63471874858,我是寵物溝通師\n\n很多人問我們說：為什麼不去跟老鼠們溝通，請他們離開？\n\n以下幾點鄭重說明！\n\n首先\n1、溝通的對象要有3～5歲以上（人類幼兒標準）的智商，不然你溝通只會得到一堆很混亂的資訊。\n\n2、要有媒介：強到弱\n實體（面對面）、照片（有眼睛👁️）、物品（用過的玩具）\n\n3、老鼠數量是很龐大的，就算你溝通一隻，也沒辦法溝通全部，光是人跟人講話，你也不可能一天溝通完台北市的人。\n\n4、溝通是了解他們的想法，或是高知他們一些資訊，但溝通不是操縱，你叫他們離開？那要去哪裡？\n他們也要生存！\n\n希望大家能更理性看待寵物溝通，這是一門很專業需要靈性的課程！,7
3889456495792698485_63067426720,從去年到今年，大量老鼠在台北街頭鑽來鑽去，市民深受鼠患困擾，而蔣萬安帶領的市府團隊，卻是病急亂投醫，開始廣泛投老鼠藥，讓毛小孩與野生動物誤食的機率大增！\n\n但面對問題，蔣萬安不是趕快去解決，竟然是甩鍋中央，說使用的是「中央核可用藥」。\n\n？？？重點不只是「用什麼藥」，而是「怎麼用」！\n\n環境部已經明確表示：「藥劑來源合法只是基礎，投放方式與綜合管理才是關鍵。」\n\n蔣萬安現在就連抓個老鼠也要甩鍋？那市民幹嘛需要蔣萬安當市長？\n\nby.天若阿晴編,1556
3889611565721447846_64434477533,對蔣萬安太失望了！！\n根本只會甩鍋，無心台北市！再讓他當市長，台北市就要變成中國人和老鼠的地盤了，今年大家接到電話民調唯一支持「沈伯洋」，請大家一起撥亂反正，讓台北市回到正軌😭,801
3888991289614760626_65662829910,你們真以為老鼠問題現在很嚴重?\n有沒有想到,12694
3889361046402698005_63319416907,滅鼠餌劑（老鼠藥）的投放指引，一直都是設置安全的毒餌站，避免兒童或寵物誤食。\n\n台北市亂扔在公園，然後蔣萬安怪中央。,4845
3890008378201713087_65888305546,章大市長有交代（千萬不要轉傳出去‼️）\n老鼠凌晨在台北傳統市場豬肉攤大快朵頤\n這種事情絕對不可以讓台北市民知道\n千萬不可以傳出去‼️\n豬肉業才剛被民進黨救回來\n又要被國民黨毀滅了嗎？\n（被限流了，千萬不要傳出去）,2084
3890030474365606134_65888305546,學者認為台北市超過300萬隻老鼠，\n「章」鼠頭目真的很會生，\n3年300萬隻，一年2倍算就好，\n如果再執政5年，大家猜猜有多少老鼠？答案是一億隻,197
3863573111573030209_63263376271,唉喲😮‍💨台北市中山區也要被老鼠入侵了嗎😱\n我只是想到全家領個包裹📦\n真是打擾到鼠窩窩家族開Party了 嚇鼠🤮\n\n更何況這個錦州公園的角落還鄰近小小孩的遊戲區\n誰敢帶小孩來玩…這有沒有病菌真不敢想…,2242
3799490707493898152_63295339790,老鼠一個大跳把氣氛拉到最高🐀,105007
3888149673609752668_39863717397,等一下為什麼整個脆都是台北老鼠 可以來個台北人說說這是真的嗎,48
3889031936051698610_63425781949,對了，如果有人跟你們說到處都有老鼠，幹嘛那麼緊張\n\n那他絕對沒看過這支影片\n溫馨提醒，先前預告的梅雨季跟颱風隨時會到\n(影片轉自國家地理頻道，連結下收),4964
3890165388391040492_63299188022,ㄧ開始戴頭套很生氣，還不💩！\n這幾天ㄧ直溝通後，好像可以慢慢的理解了。孩子，麻麻真的不是要虐待妳，這個是韓國進口的寵物頭套，不是隨便拿洗衣袋套住妳的頭。,10
3888103384323135746_73921598752,快訊/\n台北首例才奪命！新北再爆漢他病毒　患者無接觸鼠史「感染源待釐清」\n\n不好了，老鼠游過新店溪了,17649
3889599747523266930_68166383277,聽說北部很多老鼠,690
3887645523159709401_63124690885,你們知道嗎？\n\n光三年間的都會猛禽屍體就高達8成驗出毒鼠藥，其中北市大安區、信義區等猛禽體內更還有3-5種毒鼠藥。\n\n大灑毒藥的下場其實早已見識過了，非但老鼠很快就生回來還附帶抗藥性buff外，黑鳶更一度剩不到200隻瀕臨滅絕......,3234
3889748433360385569_63425926312,蔣幹話真的提升北市的生育率了....☕😌,1668
3890123788487180194_63437956930,這些老鼠姓什麼？,27
3889447087507466631_63427049294,我最喜歡的卡通角色就是米奇，但我不能接受滿街跑的老鼠。\n\n台北「鼠患」現在真正的問題是：蔣市府現在連「台北的老鼠有沒有變多、在哪裡出沒」都答不出來。\n\n這樣根本無法根治。\n\n人類跟老鼠搏鬥史歷悠久，從 14 世紀的世紀大鼠疫之後，人類更想盡辦法來解決。\n\n1972 年，所謂的「整合性害蟲管理（IPM）」正式成為國際公認的鼠患治理原則：先監測、再防治，最後才考慮大量投藥。\n\n所以，在歐美國家的所有大城市中，鼠患的處理邏輯都一樣：管好廚餘與垃圾、堵建築漏洞、定期稽查熱區、用數據追蹤政策成效。紐約市從 2009 年開始，每一筆鼠類稽查都公開上線，劃設鼠害減量區，每季發報告。\n\n但 2026 年的台北，卻只能由市民自己製作鼠患地圖。市府連量化數據都無法追蹤。\n\n選擇狂撒滅鼠藥的政策，絕對不是解方。\n\n台灣猛禽研究會過去四年檢驗超過一百隻死亡猛禽，61%驗出滅鼠藥；大台北的鳳頭蒼鷹檢出率更超過九成。第二代抗凝血滅鼠劑在動物體內可累積半年，老鼠屍體會繼續毒害天敵。天敵一旦減少，鼠群只會擴張得更快。\n\n蔣萬安市長，請把這件事交給科學和數據給台北市民一個答案。,274
3414138702568760421_63498664734,這一腳 比我看到老鼠還震撼,59487
3834463776150849587_73221456208,我的天啊‼️這老鼠也太大隻了吧😱😱,2876
3876615713988899603_65369903539,櫃子長出老鼠了！,9314
3889558961784073508_64405261296,立法院有62隻從中國來的老鼠，請問他們願意離開台灣嗎？,8096
3889544223486770863_64268960533,民眾自發性做一個台北老鼠雷達，讓大家回報在哪裡看到老鼠，一般民眾可以避開這些地方。\n\n結果就是有國民黨支持者林家興這種人，竟然用假圖片回報，還洋洋得意說玩壞了這個系統。\n\n到目前為止，大家看到的唯一造假，不就是林家興你搞的嗎？\n\n這種回報系統，基本上就是依靠大家的善意跟正直（相信不會有惡意回報民眾），自然不會對照片進行查核（如果要有那個功能，要多寫多少程式碼？），回報民眾要傳什麼照片上去，系統都不會擋。\n\n繼一堆黨工因為偽造死人連署被起訴判刑後，國民黨又一力作！\n\n這樣還可以洋洋得意，國民黨的道德水準真是越來越沒下限。\n\n#不造假還不能成爲國民黨一員欸,2738
3890037187845625027_73965775790,老鼠也可以扯到政治，民進黨是沒招了嗎😅,241
3887537298120218081_64413574733,我住台北市士林天母還住在五樓被老鼠入侵，紗網都被老鼠咬破，用黏鼠板都沒用，最後是跟里長拿老鼠藥+巧克力一起煮變成食物（不認老鼠很出名根本不會吃）為了封住老鼠進出口，用了很多方式，最後買烤肉鐵架封住紗網，外面老鼠進不來，家裡的老鼠吃老鼠藥死了，才解決老鼠問題。但是我家陽台的紗窗再也不敢打開了。其它紗窗都改成鐵紗窗。,5244
3889463199305330594_66873435140,我來八田園區七年半了，從未見過老鼠，生態系統真的很重要。,6951
3889229523632225257_73964527961,蔣萬安真正的對手不是沈伯洋，是老鼠：\n沈伯洋真正的對手也不是蔣萬安，是台北市民的判斷力跟腦袋正常程度。,4802
3887894399275388775_63285679349,老實說，最近看到台北的鼠患，我真的有點笑不出來。\n\n我自己是台北人，家人現在也都還住在台北。這陣子人在國外，原本看到新聞還想說是不是個案，但後來越看越不對——白天老鼠也群聚、不太怕人，甚至不是一樓的住家也有入侵。\n\n這種已經不是「噁不噁心」的問題，是會讓人開始有點不安心的那種。\n\n然後一直看到有人說不要政治操作……但我自己其實滿困惑的，這本來就算是市政問題吧？那現在到底有沒有一個比較明確的處理方式？\n\n而且老鼠也不是今年才出現的啊，那為什麼今年突然變成這樣？是環境、氣候，還是處理方式出了什麼問題？\n\n夏天也快到了，只是希望不要再惡化下去，真的會有點怕。,2419
3889565111481044250_63271466682,拿來,637
3890137172502837709_63228563008,好奇有沒有人真的\n送老鼠去王鴻薇的服務處？\n拜託帶運動相機拍下他們的反應\n我超想看🙏🏻,64
3889630476730722718_67183856534,可樂：有啦，我有看到老鼠，但那個太噁心了不敢碰😂\n\n最近新北市老鼠真的很多，白天都敢在路上玩了😓,6404
3890128456251462387_63477520037,別哭哭臉啦\n很怕你吃到老鼠藥🥲\n麻麻也沒辦法,1130
3889594128253690380_34251024513,每天分享聖經內容直到耶穌再臨\nDay15\n,2270
3890120562849290413_63459186203,翻譯一下王阿婆鴻薇昨天的文章內容：\n\n你蔣萬安為什麼可以無故購買六千公斤的老鼠藥！\n台北根本沒有鼠患！！！\n你是不是以此為藉口圖利？！\n\n果然心髒看什麼都髒！\n台北市明明就沒有鼠患！！！！！！！,411
3890137433437764003_74041102928,系統一直隱藏我的留言，派出我的第二個帳號😫\n\n這個4之前自己做來給親友笑ㄉ，其實還有其他款如圖～～檳友們..有想要的話……可以再來做..但要等六月後，因為我現在是個倒數一個月書念不完的教檢考生😭😭 感興趣ㄉ話在下面留個言讓我估算一下人數( ˶ ̇ᵕ ̇˶) \n\n以及以及，人山人海ㄉ我搭一下便車..！歡迎大家來這邊IG看各種圓滾滾馬鈴薯蹄兔（他們也很像歹毒の老鼠 但近親是大象）雖然閒置一陣子，，但最近會連載再開！！！（附上本人親自衝去神戶跟偶像見面的照片）可以從我的主頁點過去，都在上面更新～,34
3888996148330091328_63095264174,之前在中和景安站等公車就發現有很嚴重的老鼠問題，上個月有通報1999，得到的回覆是沒有🤡\n\n不過公所應該是有下老鼠藥（吧），因為通報隔週就在旁邊遇到了感覺要死掉的老鼠🐭\n\n上週路過草叢中還有不曉得哪裡的餵食癖留下的吐司邊屑屑在草叢中🤡\n\n感覺雙北鼠患至少五成是餵食癖導致的，不管是餵食犬貓的飼料還是鳥類的吐司，沒吃完放在原地給誰吃🤡\n\n在景安這邊等公車的大多是要回新店或是家住旁邊的人，請自行注意\n\n（放上影片證明我沒有唬爛）,2394
3889541074000131410_63434598530,現在台北市的狗狗出門都像在搶劫一樣😂\n台北市現在到處都有老鼠藥\n大家帶狗散步千萬要小心！！,1170
3888942670769458316_63540681627,幹嘛不叫寵物溝通師去跟台北市的老鼠說請離開,75425
3889690318585407814_64622496167,老鼠真的很噁心…. 之前跟同事聊天，他分享一個超妙的民間妙方！她說小時候住市場附近，家裡老鼠多到每天在天花板開運動會。全家人覺得很困擾，後來有一個長輩教了一招：抓一隻老鼠回來，全身塗成五顏六色的再放回去。\n\n結果，據說沒幾天家裡的老鼠竟然真的全部搬家逃走...,2228
3885665469944587711_63120521049,提到台北市鼠患，昨天看台灣新聞有看到民進黨可能推派的台北市長參選人沈伯洋進一步闡述他「無限城論壇」的內容。讓我眼睛為之一亮的是，其中提到如果跟紐約市有進行交流，在對抗鼠患問題，”trash containerization (垃圾桶裝化)”，也可以是一個交流項目。\n\n紐約市去年一項對抗鼠患的新利器就是照片trash containerization所使用的”Empire Bin”。這個提供給公寓大樓使用，可以完全密封的巨型垃圾桶，讓集合住宅的大量垃圾袋可以不用再放地上，而招來老鼠撕咬覓食。而垃圾車可以直接將Empire Bin舉起讓垃圾倒進車斗，完全不會落地。據紐約市府統計，在有提供這Empire Bin的社區，過去一年打電話抱怨老鼠問題的數量減少了20%-25%，算是有明顯的改善。也因此這個Empire Bin從去年最早實施的西哈林West Harlem和曼哈頓上西的Morningside Heights，在今年更擴展到紐約市其他幾個鼠患較嚴重的社區。\n\n沒想到沈伯洋立委連紐約市這項相對新的抗鼠措施都很清楚，讓人印象深刻。這也表示他對自己所說的東西是有做足功課，不是表層的隨口說說。,2516
3889528068755405023_63096323183,原本看發文覺得是什麼政黨帶風向\n結果自己就遇到了 還不怕人\n雖然老鼠本來就不可能殺完\n生活中也是無處不在 但最近出現頻率跟不怕人的情況真的會讓人擔憂\n 地點新北土城 金城路某餐館,1579
3883010820661126528_63092161716,民眾陳情：大安區好多老鼠，有要繼續處理嗎？\n\n章萬安尷尬上車離去。,8127
3889387573848789649_63459186203,建議台北市民有捕到老鼠的，\n不管是黏鼠板、捕鼠籠還是死老鼠；\n抓到的老鼠都送去王鴻薇服務處，\n讓王大立委做好選民服務；\n不然他都覺得鼠患是假的。\n\n我只是不知道怎麼處理，\n所以想請教專業的選民服務大立委；\n你既然說鼠患是假的，那我找衛生局也沒什麼用；\n直接找你應該最有用了。\n\n立法委員王鴻薇服務處\n105臺北市松山區延壽街145號2樓\n（02）2756-3646,7279
3888983609567332451_63475548112,今天跟深藍朋友說到最近台北市的鼠疫問題\n他說這根本是故意要陷害蔣萬安\n因為新聞拍一堆老鼠的地方都是在市場\n市場本來就有老鼠\n而且我們隨便去路邊攤、小吃店本來就會有一堆老鼠，根本不用特別拿出來說，所以是有心人在造謠\n—\n我就沒說啥了，心裡想著\n但⋯木柵動物園跟公園，現在白天就出現一堆老鼠是很不正常吧！！！！！,1939
3889273702211124264_63040125803,『中央核可的環境用藥』\n大家知道這句話很惡毒嗎？\n\n這句話就是在\n【誤導民眾】\n【誤導民眾】\n【誤導民眾】\n暗示投藥是政府同意的\n\n台灣的所有市面上的農藥、老鼠藥、殺蟲劑，全部都是中央核可才能使用的\n\n如果台北有人喝農藥自殺\n市長說他喝的是中央核可的用藥\n這樣是要說政府同意這個人喝農藥嗎？\n\n我真心覺得蔣萬安的城府很深\n已經知道自己出大包了\n硬要拉執政黨下水,13609
3887346293199258345_63045486789,吃到老鼠藥的老鼠在路上跑，如果再被路上的浪浪咬到，或是有鳥類去吃屍體，接下來夏天到了，台北市會陷入怎麼樣的疫情，我是也蠻期待的。\n\n我老台北人，祖上從來都是在台北市老家過年、家廟跟祖墳都在台北市的那種。安鼠之亂就是大罷免大失敗、台北人的報應。\n\n下禮拜我會就鼠患這件事情跟大家好好算數字。,6123
3801620891047332081_77238092714,貓：好，確認死亡\n（轉身離開）\n老鼠：,49603
3890079678023244178_63064316883,蔣萬安治鼠患的方式：「民眾不要看到老鼠就拍照傳到網路上，會讓市民誤以為老鼠真的很多。」\n⠀\n甩鍋中央之後，開始檢討市民。,1427
3889547197969302341_63413829155,貓咪絕對是老鼠最大的剋星😼,3207
3888317035684935915_67655733196,到底要多幸運才會遇到老鼠？\n我三不五時跑台北，捷運、商圈、夜市都去，還真沒遇過你們講的那種‘滿街老鼠’的狀況，是我運氣太好還是有人講太誇張？,1132
3885019217825697648_77119688670,20260428台北動物園變台北老鼠園？？\n警察說我違反社維法，\n現在不讓我走，\n要等大安分局的警察來（圖4,19580
3889687892675093881_64389607195,我們台南，被鼠淹沒了。,14615
3889948304679863705_65809652705,不愧是台南老鼠 尾巴都自帶棉花糖,4620
3889539959271782575_79738608637,台北市的老鼠多到我騎車送餐時，都隨便可以壓到的狀態？\n\n這在新生北路一段，靠近三創。\n\n#安鼠之亂,3392
3890119841704641869_63056053625,在民生社區住了快十年超愛那邊的氛圍\n無法繼續住下去的原因\n就是老鼠蟑螂太多\n尤其是老鼠\n真的沒有在其他地方看過那麼多\n一天看到一隻是基本,75
3889406289068086055_63303666380,林亮君議員即時澄清市府抹黑\n\n林亮君：老鼠是真的，投放老鼠藥，這也是他們去放的，然後沒有按照標準的放置方式，這也是他們做的，何來誘導之說。\n\n蔣萬安不會處理老鼠\n倒是很會處理提出問題的人\n抹黑林亮君不會讓台北市的老鼠減少啦,19373
3888906276600527957_73183866377,各位假中立仔，現在才5月，你們就在『我雖然不喜歡蔣萬安但是我更討厭沈伯洋』，真的太早了\n\n聽我一句話，有點耐心，好歹等過4個老鼠生育週期再來說好嗎？,5381
3888848785166657969_63139466539,台北有老鼠搞得鳥世界要毀滅\n怪罪蔣萬安治理不當\n\n高雄浮屍、老鼠那麼多怎麼不換市長？\n台南登革熱死了那麼多人\n這種治理能力跟人格特質卻視而不見？,313
3889196209601204814_65144839809,梅雨季在台北灑老鼠藥？那不是滅鼠，那是投毒。\n雨水一沖，藥塊在土裡崩解，劇毒直接滲進地底。\n這東西進了土壤，基本上就是永久傷害。\n官僚最愛這套。\n噴藥看起來有在做事，民眾看得到煙、看得到藥，就覺得安心。\n實際上呢？\n藥效被雨水稀釋後，老鼠毒不死，反而養出抗藥性。\n最慘的是毒素進了水循環，最後回來到你我的餐桌。\n這種「懶政」造成的生態災難，比老鼠更可怕。\n別再迷信化學滅鼠了。\n梅雨季撒藥，純粹是在慢性自殺。,7164
3888834452834551486_63461208593,台北已經有狗吃到被毒死的老鼠送醫了，願狗狗早日康復。,5444
3887247067483009853_63076835322,家裡有五隻貓 都抓不到一隻老鼠,5276
3886812785808655481_63445933526,大家這幾天一直放老鼠的影片出來\n其實我要說的是……\n\n雙連站旁邊\n有一個叫做世紀豆漿的早餐店\n\n大年初一的時候他們放假\n然後我遛狗經過\n\n我遠遠就聽到\n嘰嘰喳喳 的聲音\n走進去看\n\n我發現豆漿店好像蝙蝠洞\n然後那些蝙蝠不用講了 \n94那些老鼠\n\n害我現在都不敢買那家了😢\n本來有拍下來，不過覺得留在手機裡面好像也蠻觸霉頭的，就把它刪掉\n\n另外一個奇蹟的鼠穴\n其實是在建成公園\n\n因為我以前也是常常在建成公園遛狗\n公園靠近停車場那側\n有一隻金屬做的長頸鹿\n長頸鹿的位置是一個小丘\n\n那個丘呀！感覺很像是老鼠的碉堡\n半夜莫名其妙都會有一些老鼠從那邊一些神秘的地方跑出來！\n\n之前有一些人會拿貨跟BB槍去獵殺那些老鼠，但是也有一些遛狗的朋友是那種很愛護動物的，就覺得他們這樣做很殘忍！\n另外就是雙連市場那邊，常常有一些奇怪的婦人，拿了一大堆飼料在餵鴿子，不是明明就講好那是違法的行為嗎？\n因為我就住在這邊，覺得蠻困擾的。\n但總之我就覺得很酷！\n誰幹得掉老鼠我就支持他,523
3888825018117362357_65173912766,滅老鼠用老鼠藥\n滅蟑螂用蟑螂藥\n那滅火是不是要用,1663
3889420372517466797_63447580660,看來不只是台北市，新北市也逐漸在蔓延中…………….\n看著地圖，甚至覺得老鼠蔓延到桃園也不是不可能🤮🤮🤮,369
3885832642771401031_63092161716,沈伯洋：老鼠問題越來越嚴重。投藥滅鼠是模擬天敵的方式，不一定是最好的方式。\n\n你垃圾廚餘的管控方案是什麼？\n\n紐約從2023做到2025，他們有顯著的減少。\n是不是台北可以參考，應該理性去討論。\n\n---\n立刻給想法 vs 章萬安直接上車走人,15281
3889571954194250197_63048647816,沒有鼠患，幹嘛投老鼠藥,576
3888646536054308264_65144839809,台北街頭的大老鼠變多了。\n這不是衛生問題，是火災前兆。\n老鼠為了磨牙，最愛啃天花板裡的電線。\n絕緣層一破，銅線走火。\n下一秒，你家就是火場。\n這正是台北市防衛系統的崩潰點。\n蔣萬安的北市府還在玩官僚主義：環保局管滅鼠，消防局等救火。\n局處不互通，反應永遠慢半拍。\n這就是沈伯洋強調，單位協調防範的重要\n防衛不只是對抗外敵，更是基礎設施的數位防禦。\n如果還停留在「報案、派人、滅火」的石器時代，\n台北遲早被這群老鼠咬垮。\n科技治國不是口號，是生存。\n如果電力負載感測器能連動 AI 預警，\n如果下水道監控能提前反應，\n火災根本不會發生。\n官僚救不了你。\n家裡莫名跳電？趕快拆天花板檢查。\n別讓台北的繁華，最後毀在一隻老鼠手裡。🐀,2022
3888170877393523757_63270067876,台北土生土長三十幾年，從來沒有印象老鼠是這麼多的，去年第一次遇到老鼠入侵屋內，今年直接發現冷氣管線被啃咬，花了不少錢處理，昨日也在家門的路口看到老鼠逛大街，也不怎麼害怕驅趕。\n\n如同網友們所說的，經過幾個世代後，除了數量多到白天隨處可見之外，也開始不懼怕人類，安鼠之亂不知道何時才能平定。,1103
3890088198332739791_74967636536,跟老鼠溝通不了沒關係，那可以跟蔣萬安溝通一下嗎，叫他好好處理鼠患問題，我相信他有5歲以上、有眼睛、數量僅1人,71
3890145549240944192_63285090064,用幼稚園小朋友也能懂的方式來解釋為什麼老鼠藥反而可能會讓老鼠變更多\n\n因為吃完老鼠藥的老鼠不會馬上死掉，這段時間裡牠會變成毒老鼠，如果被老鷹或是蛇蛇抓到吃掉之後，毒老鼠就會害老鷹跟蛇蛇死掉\n\n然後老鷹爸爸媽媽要長到2歲才可以生小老鷹，一年會生出來的小老鷹不到5隻\n蛇爸爸媽媽也要2、3歲才可以生小蛇蛇，一年生出來的小蛇蛇可能也不到20隻\n\n可是老鼠只要出生2、3個月就可以生小老鼠、生完之後老鼠媽媽馬上就可以再懷孕、生一次可以生快20隻小老鼠出來\n老鼠爸爸媽媽加上牠們的小孩如果都沒有都鼠翹翹的話一年保守估計可以生超過800隻小老鼠哦\n\n如果可以生小孩的大老鷹跟大蛇蛇都因為吃到毒老鼠死光光就不會有小老鷹跟小蛇蛇，也不會有人來吃老鼠\n然後剩下的老鼠就會生更多小老鼠出來哦！老鼠派對！\n所以，你聽懂了嗎？,188
3885764923838566851_63271240949,台北市這也不難選，喜歡動漫投撲馬，,2688
3889245212124362642_63155508882,我是動物溝通師\n客戶請我叫台北市的老鼠離開\n但是老鼠的網路排擠我\n\n但我還是收了5000元\n專業可是有價格的,1322
3890049270594790689_73845151403,如果浪浪老鼠們都能安心吃飽\n\n是不是就不用白天跑出來冒險覓食了呢\n\n如果有家，誰願意流浪？,462
3890094185952928591_63536321132,蔣萬安：「民眾不要看到老鼠就拍照傳到網路上，會讓市民誤以為老鼠真的很多。」\n⠀\n他只是被主廚控制了，才會說出這種話。,572
3887881196799036808_63233789609,最新：\n\n針對台北鼠患，蔣萬安強調，目前用的是中央核可的環境用藥\n\n蔣萬安說，每一個選項，包括「干擾老鼠繁殖」（沈伯洋提的）都有討論\n\nOk看來就是兜圈子還扯中央,2937
3887295189044422074_63462384425,台北市老鼠問題，完全要把蔣萬安KO了，導致鼠疫問題現在只能問台北市長沈伯洋，台北鼠長蔣萬安只能謝謝謝謝逃走。\n-\n「市長，很多老鼠耶，怎麼辦？」\n蔣萬安：「謝謝，謝謝。」（搭車逃走）\n-\n「台北很多老鼠耶！」\n沈伯洋：「這個問題是一個系統性的問題⋯（批哩啪啦講出短期、中期、長期規劃，以及可以借鑑哪些國際城市的處理方式）」\n\n🐭🐭🐭🤷🏻‍♀️,2637
3888692319122921263_63069425753,參加台大婦產科醫局同門的聚餐。\n\n一位醫院的醫師跟我說，他剛剛送太太去台北火車站搭高鐵，就在火車站外圍的人行道上看到一隻S老鼠，然後兩隻鳥在老鼠旁邊啄牠的肉。\n\n看來，大家擔心的事情就快就發生了。,5297
3887250237908025304_79501080441,太扯了吧，在延平北路六段那邊的北投紅茶看到一隻老鼠，而且還是活的！,5926
3889235789637364875_68881894345,其實非本科系有點不太理解\n有鼠患\n不就是應該要用老鼠藥趕快撲滅老鼠嗎\n結果有人說老鼠藥會讓其他生物吃到\n結果又造成生態浩劫\n那還有什麼更快的方式可以去除鼠患嗎？,1612
3887503403413101583_71070707390,@chenshuibian88,3878
3889517211078476903_63250466511,認真問\n如果今天在台北路邊看到老鼠藥，我是能夠自主撿起來拿去丟掉的嗎？\n單純是不希望有任何高階獵食者或小貓小狗甚至小孩子有誤食的風險,365
3887982729279767818_74215228831,一定要多幫忙宣傳讓台北市民與老鼠和平共存的和平大使-草包蔣萬安,6419
3889559235864969196_63271009970,住高樓的我\n以為老鼠災情離我很遠\n結果室友今天去松山高中旁的路邊停車位開車發現⋯\n放在車上的喉糖\n全部被米老鼠吃完囉～\n謝謝蔣萬安\n讓想養寵物的我們\n一夜成真,478
3889385024190113000_67175415628,台北的老鼠真的滿聰明的\n知道快要選舉了，馬上出沒到各處\n不知道選舉選完，老鼠還在不在啊\n什麼老鼠藥生態圈都出現了\n難道這樣柏洋老哥票會比較多嗎,879
3889550494029278573_70847032460,不曉得還會不會擴大，總之先整理一些資訊\n看到老鼠屎先不要掃。那不是普通灰塵，可能沾到鼠尿鼠糞；你一掃，髒灰塵就可能飄到空氣裡。先停手，通風、消毒、濕擦，有發燒或尿量變少就醫時要說鼠跡暴露。這篇先存起來。\n\n#漢他病毒 #鼠跡清理 #防鼠三不,8257
3887454299723734689_63448481031,好消息：蔣萬安讓生育率大幅提升！\n壞消息：是老鼠,4475
3887890458131124549_64169906138,你們因為老鼠太多開始買老鼠藥，家裡開始在意門窗緊密度，開始添購老鼠設備。\n這樣不就是在鼓吹老鼠咬你們嗎！\n這樣不就是在挑釁老鼠嗎！\n不要挑釁就好了買什麼老鼠藥！\n \n我不想要戰爭啊啊啊啊。,8764
3889760295950744091_73218126493,我一直以為鼠患是政治在炒作，結果半夜十二點睡到一半聽到我家後陽台老鼠嘰嘰叫！感覺還不止一隻！去你媽的侯友宜！！！！！\n半夜被吱醒努力上蝦皮尋找鐵絲網垃圾桶😢,246
3890178973531848967_63373549584,以前我大舅要捕鼠，捕鼠籠裡面放的是一大塊炸紅糟鰻，我說這不會吃太好嗎\n大舅的邏輯是，到處都有吃的，不放點好的根本沒辦法吸引他們\n所以想抓老鼠要先有想用心招待他們的心才有可能補到,207
3887431308888876535_71971841603,台北市使用的二代老鼠藥（SGAR）到底多危險？\n\n代謝慢：人用藥1天代謝，SGAR卻會長期累積，劑量再小都致命。\n傷毛孩：散步誤食，微微碰撞就可能大出血死亡，飼主防不勝防。\n毀生態：老鼠沒死透，天敵（老鷹、蛇）先被毒死，導致生態失衡、鼠患加劇。\n\n澳洲、加拿大早已禁止或嚴管，台北市不該落後國際。\n\n滅鼠需要的是「科學手段」，而非治標不治本的藥劑。請市府正視這項隱形威脅！\n\n#台北市 #滅鼠政策 #毛小孩安全 #生態保育 #醫療,6407
3890144712166829466_64384151520,文來自張育萌： 王鴻薇有多怕服務處被送老鼠？——藍白要惡意阻擋檢察總長提名，王鴻薇慌到蓋錯，全院唯一蓋成廢票就是王鴻薇。 ① 王鴻薇昨天才喜滋滋，說台北市這麼多老鼠，是因為「民進黨造鼠計畫啟動」——這種鬼話怎麼說得出口？ 被網友發起「北鼠送薇」，要抓老鼠送到王鴻薇服務處後。 今天早上，王鴻薇又縮了，記者一問「有人要抓老鼠送到服務處」，她就匆匆忙忙說「我⋯⋯我去開會」。 ② 重點是，開完黨團會議，王鴻薇看起來也沒有回神。 今天早上，院會要表決檢察總長人事案。 國民黨最重要的任務就是全部投「不同意」，把人事案擋下來。 ③ 這麼簡單的任務，王鴻薇都可以搞砸——最後開票結果，同意 50 票、不同意 61 票，有一張廢票。 投廢票的，就是王鴻薇。 所有人都傻眼，因為對國民黨來說，團進團出講得很明確——王鴻薇急急忙忙解釋說「因為投票作業時不慎」，把自己的選票搞成廢票。 ④ 講得那麼文謅謅幹嘛，不就蓋錯嗎？ 蓋錯就蓋錯啊，陳昭姿投立法院長也蓋錯啊。 ⑤ 只是國民黨最好的朋友，國昌老師有說過哦「如果連這麼簡單的事情都會搞錯，那你顯然不具有足夠的能力在立法院行使一個立法委員的職權。」,24
3889681740504701082_64202099319,以我家的防鼠經驗，來證實PUMA的說法是正確的。\n去年十月，我家的貓貓在廚房四處鑽行，好像在找什麼東西似的；後來我們發現很多地方都有老鼠屎，於是開始查尋，終於發現沙窗被咬破一個洞，確定了被老鼠入侵的事實。\n對策1.先去買黏鼠板，並將破洞沙窗更新。\n對策2.將家中能被鼠咬食的東西全裝箱隔絕。\n過程：\n新換的沙窗還是再被咬破，黏鼠板共捕捉到5鼠，但我家貓貓還是沒放棄，依然續鑽尋。\n對策3.去找專賣金屬網的店家，買了不鏽鋼金屬網ㄧ小卷，回家直接綁在塑膠沙網上，以杜絕鼠輩再咬破的入侵行為。\n最終結果：\n沒有新鼠再入侵，所剩家中的老鼠，因為室內沒東西吃，又跑不出去，最後餓死家中，其後@找出屍體，做最終出清。\n所以斷絕老鼠的食物來源，是滅鼠的有效作為，故要做好垃圾桶及厨餘的管理是很重要，而且是有效的。謹供大家參考！,1851
3890030114101204460_63456225681,驚爆 / 嗆「造鼠計畫」慘了!民眾揚言抓老鼠送服務處 王鴻薇關門:我…我開會\n\n王鴻薇今日一被記者問到此事，就急忙說，「我…我…我去開會」。面對記者追問，會擔心服務處被送老鼠嗎？她則是沒有回應，立即關上會議室的門。\n\n---\n本人響應「送鼠千金」，這週有效，為了證明不是人造鼠，只要送活鼠、生鮮鼠餅等到王鴻薇服務處進行選民服務行為，服務處只要有同仁收取活鼠、生鮮鼠餅等申訴、合照留下證據即可，名額十位！照片請貼在本篇留言處，即可獲得獎金一千元！週四下午民視、晚上鏡電視，皆可當場頒獎並直播，公開表揚活體獵鼠勇者，讓台北市立委能夠理解市民的苦！\n\n昨日開始，藍白網軍刻意製造假消息用過去消息來貼，刻意掩蓋操作媒體，各位朋友，請多關注鼠患問題，提供最新照片、影片持續貼脆，盡量標記時間地點！,1085
3889382810872658523_63474369673,蔣萬安不誠實，台北市政府環保局也說謊，然後他們現在決定要抹黑林亮君。\n\n台北市政府在公園亂扔老鼠藥，蔣萬安表示，這些都是中央核准的環境藥物，笑死，有人說老鼠藥違法嗎？\n\n叫你投藥不是叫你亂扔老鼠藥。\n\n台北市環保局說投放方式都合乎規定，但台北市政府自己的規定寫著：設置毒餌站，避免寵物、小孩誤食。\n\n台北市政府沒有照規定投放老鼠藥，上週中山現形公園白天出現老鼠，環保局就去那邊隨便投放老鼠藥交差了事。\n\n什麼都怪民進黨，蔣萬安你年底要不要乾脆也投給民進黨？,4562
3890122182538390298_64044694928,台北市愛國西路工地的老鼠有夠大隻,260
3888785620659911218_74840118301,🐀台北老鼠變多主因是近期大規模都更驚擾棲地，迫使老鼠難民大遷徙，加上暖冬延長繁殖期與外送廚餘豐富所致。台北市鼠患熱點主要集中在大安區（特別是東區商圈）、中山區、中正區以及傳統市場周邊。\n🐀雖然住高樓層看似安全，但擅長攀爬的屋頂鼠會沿著管道間、電梯井或冷氣孔進入室內，只要有0.6公分的縫隙就能鑽入，因此各樓層皆有風險。低樓層易受下水道溝鼠侵擾，高樓層則常面臨垂直遷徙的鼠患，防治關鍵在於封堵孔洞而非依賴高度。檢查家中落水孔與管線空隙，才能有效杜絕這些身手矯捷的攀岩高手入室。,1510
3889448648341791672_66222408032,因為要滅鼠，\n反而把老鼠的天敵都毒死了，\n真的是天才，才能做得出的！\n.\n重點是，有一堆人投票給這個天才！\n.\n.\n（依糕｜由香港移民台灣六年）\n（我設計了桌遊《反滲透》，推廣反認知戰）\n（在置頂留言！）,1661
3889456857736218108_76136877063,我住大安區，這幾週看到三次老鼠街上跑，你沒看到真的幸運，我看到覺得生氣，溜狗還要擔心狗勾吃到老鼠藥，真的氣死😡,167
3884315851449620388_63141876742,凌晨三點多\n經過豬肉攤有奇怪的東西在布下面竄\n原來是老鼠在開派對…\n\n新鮮直送的豬肉🙄,10475
3890166654088322314_63092161716,林亮君議員在4/9就提醒了廚餘跟投藥可能誤食的問題，章萬安也承認各地反應出現大量老鼠。\n\n章萬安：我們即刻！\n林亮君：有什麼不一樣？\n徐欣瑩弟弟：鼠藥可以可以繼續申請。\n\n早早提出有建設性的建議，結果王鴻薇只會抹黑，污衊議員自導自演？\n\n章萬安哪次不即刻，哪次不是跨部會。\n結果最擅長的還是擺pose拍照。,305
3889915918537254205_68950068415,台北市最近鼠患真的非常嚴重嗎？？？\n我6月中就要來台北旅行了，無比害怕😱\n本人有極其嚴重恐鼠症，見到老鼠會尖叫暈倒,62
3888618500512764150_63459186203,我這裡有一份大家可以幫忙一起通報的台北老鼠地圖，\n在置頂留言歡迎搭取用。,443
3888890647349370406_63094298469,連武漢病毒都擋得住的人，區區老鼠就更不用說了。\n\n可惜臺北市民2022就是不要陳時中。\n\n你每一次投票，都是在形塑你未來的生活。,4649
3887767116409035152_63231390077,為什麼要投老鼠藥挑釁老鼠？\n和平共存不好嗎？\n為什麼不簽和平協議？\n省下來的錢可以換多少營養午餐？,5253
3890109157085370837_63053054148,認真服務的民代都知道：鼠患問題是台北人真實的擔憂，近日市府沒有照標準SOP「有鼠餌盒、才投藥」，更是造成寵物飼主們的焦慮。\n\n我認為，目前最大的問題是：市民無法獲得基本資訊。\n\n民代的責任就是協助政府一起來解決問題，我誠懇呼籲北市府至少先做3件事：\n\n第一、公布鼠患數據：\n資訊是治理的基礎。鼠患監測不能只靠市民自力救濟，北市府應提供官方統計，公布每日變化。讓民眾能掌握情況。\n\n第二、公開投藥位置：\n飼主們現在人心惶惶，擔心毛孩誤食老鼠藥。\n\n北市府應公開投藥位置及用量。\n\n依照《環境用藥管理法》，民間業者須申報施作紀錄，包括時間、地點、面積、用量及許可證字號。\n政府的投藥紀錄理應比民間更完整。\n\n除非市府沒有落實投藥紀錄，否則應儘速公開投藥位置。\n\n第三、有鼠餌盒 才投藥：\n環境用藥不能亂撒，北市府「請」參考「北市環保局」公布的說明：\n(1) 使用鼠餌盒\n(2) 選擇隱蔽處放置,1734
3886708917712090382_62993178265,台北市有毛小孩、會遛狗的朋友要注意喔\n\n捷運雙連站已經發現投放老鼠藥在「公園地上」了\n\n還有家中有小朋友的家長，也要小心注意\n\n這市長的能力就這樣了，台北市民們自求多福,2835
3889622518306800106_63057159937,「南鼠北送」這種低級的地域歧視，也說得出口。\n\n老鼠不可怕\n可怕的是人的心比老鼠還髒。\n\n國民黨，髒的不是嘴，是心。,3586
3888917606221061430_64431112248,蔣萬安，你可以無能，但不可以說謊！ \n\n台北市環保局今日新聞稿宣稱「駁網傳亂投老鼠藥 北市環保局：位置與中央原則一致」，這是公然說謊。 ​\n\n我對照環中央的滅鼠原則，看看蔣萬安市府說了什麼謊： ​\n\n1. 中央要求「定點紀錄」： 蔣萬安，請立即公布「全市施藥點位地圖」！ 讓家長與牽狗散步的市民知道哪裡是雷區。 不敢公布，就是心虛！\n\n2. 中央要求「防誤食警示」： 北市府有做嗎？\n\n3. 中央建議「滅鼠餌站」 ：\n滅鼠餌站是開口僅容老鼠進入的盒子，保護鳥類和貓狗不誤食。 有誰看到過？\n\n蔣萬安還說「不是那些地方的鼠藥就不是環保局投放」，這句話最可恥。 身為主管機關，若有不明人士在公共區域投毒，你不抓人、不巡檢，竟然回一句「不是我投的」就想甩鍋？ ​蔣萬安，別把市民當笨蛋。\n\n再說一次，蔣萬安，你可以無能，但不能說謊,10486
3888302444061342845_63427846243,北市府狂投老鼠藥\n\n藥師公會這時候怎麼不出來擔心抗藥性了,10628
3889932472683835598_63408853878,看起來網軍已經沒在脆上洗移工的事情，所以最後是確定引進嗎？,168
3890117052921357714_64997886285,現在經費都拿去造謠台北老鼠了\n老實說，我不知道老鼠真的多還是假的多，但蠻明顯是某個時間點之後就突然爆多\n呵呵,68
3889929492907558348_71950049909,天啊，整個 Threads 都是老鼠文🐭\n\n說也奇怪，當初那群「百工百業挺罷免」的人，好像體質特別敏感，很容易就遇到老鼠。\n\n正常上班、做生意的人，其實很少在聊政治吧？\n那時卻突然變成「百工百業都在挺」，\n而且現在年輕人普遍對政治偏冷感，真的會那麼整齊一致嗎？\n\n現在台北突然一堆「鼠患」話題，\n有沒有覺得，跟當初那波操作，有點似曾相識？\n\n要怎麼結束？\n多來幾次 32:0，自然就安靜了。\n有些東西，多看幾次就懂了。,279
3889977692867721650_64263408541,我也在附近公園看過老鼠，大剌剌在路上竄，以前都不會如此,63
3889572288344949815_64207406446,下載脆也2年多了，覺得笑點變高了，因為大家實在很幽默。 但是我今天滑到一個留言還是笑了。\n王鴻薇覺得台北市的老鼠都是民進黨派出來的臨鼠演員🤣🤣🤣,6480
3889994017685456104_71840416477,抱歉，\n這鼠患要撐到年底選舉完，\n\n等選舉完畢，\n這些老鼠會在0.0001毫秒之間消失。,140
3889992183390500906_64247996196,好可愛，另外，別說松鼠老鼠差不多\n\n老鼠 每胎約 6～12隻，一年可生 5～10胎，1隻母鼠可以變成100隻\n\n松鼠 每胎約 2～4隻，一年 1～2胎\n1隻母松鼠一年只升幾隻而已.\n\n而且老鼠只要幾週就性成熟，所以指數級爆炸\n松鼠性成熟要10-12個月，繁衍緩慢的多,795
3889480646671242736_67273865617,住在台北的各位\n看到老鼠記得錄影、拍照\n報時間地點，越詳細越好\n能抓捕的更好！\n\n記得抓到的全送去王鴻薇辦公室\n南鼠北送是吧？把地點證據送給王巫婆🙂🖕\n\n王鴻薇服務處\n台北市延壽街145號2樓,1157
3889423459642721267_63851410130,雙北的老鼠越來越多了\n各位有什麼頭緒嗎？,893
3890057468060023665_66830413077,我是住在平行世界的台北嗎 脆上一堆老鼠結果我到現在還沒看到半隻= =,13
3890075636023295077_64283641150,一打開Threads滿滿的都是老鼠文🐭\n其實大家真的不用太驚慌\n年底選舉結束沈伯洋落選之後\n台北市的鼠患就會自動消失了,36
3890047558320554975_76480261830,相信我，選舉完就沒人要吵老鼠了😮‍💨,15
3890039258639960970_63041756525,那買十噸老鼠藥就是圖利廠商嘍？,474
3889596131017951445_76962536327,排名前三髒的城市和前三乾淨的城市\n第一髒 高雄\n第二髒 台南\n第三髒 嘉義\n第一乾淨 台中\n第二乾淨 台北\n第三乾淨 新北\n某黨執政的城市怎麼特別髒呢😏,367
3889670979941125743_63252918022,你是老鼠嗎？,27
3889562305919125549_63069650516,這溫馨的畫面不能只有我看到⋯\n.\n.\n.\n牠靠著媽媽的那一刻\n時間都變得溫柔了,0
3889674133496293390_63045486789,要小心吃到毒老鼠,853
3889335437827848514_63384281815,台北市老鼠的問題要解決，更不要有小朋友、貓貓狗狗跟野生動物誤食老鼠藥。我身為議員職責的監督，就只是這麼簡單！\n\n在台北市回報鼠患，要被扣上「誘導」的帽子；協助民眾處理陳情，要被台北市政府放話抹黑修理，真的很無奈！\n\n雙連有沒有老鼠？\n\n有！4月30日一篇民眾po文大白天看到老鼠，至今已經40萬點閱。我接收市民陳情，馬上回報請市府處理。\n\n市府投藥有沒有裸露？\n \n有！市府投藥後，大量民眾留言恐慌怕小孩和動物誤觸誤食。我發文提醒附近市民注意，並且回報市府民眾對投藥方式的疑慮。\n\n我再講一次，依照台北市政府自己的鼠類防治會議和滅鼠文宣，投藥要須設置「安全毒餌站」以及「避免兒童與寵物誤食」。\n\n這幾個月以來，發現鼠患的，其實大多是都是市民和threads上的網友。蔣市府今天可以放話攻擊我，但請不要忽視這些市民真實的擔心！,6877
3889589342260130598_63076530636,笑死 我這百分之百\n地點就是台北車站\n我還有證人啦\n敢不敢對賭500萬,2826
3890002120604080076_69948127729,垃圾藍白網軍開始洗全世界都有老鼠了，對啊既然然此台北市買那麼多老鼠藥幹嘛呢？ 快收一收啊,36
3890041938984979682_63045486789,既然沒有鼠患的話，國民黨台北市政府買11公噸的老鼠藥，是不是想貪污？,113
3875035979099237204_63384281815,大家還有👀到老鼠嗎,4206
3887901925485152241_65059660787,台北市買了一萬多公斤的老鼠藥。\n\n要這樣挑釁老鼠嗎？\n\n這跟買武器防中共有什麼不一樣？\n\n要跟老鼠和談簽和平共處協議，不要一直挑釁老鼠。,8432
3710543732455445913_63304928663,在路邊巧遇一隻胖老鼠卡住了⋯\n\n拯救了牠一命🐭,14568
3885332476567219442_63294282658,看到讓人震驚的日本新聞⋯⋯\n不管哪個國家哪個行業都有老鼠屎存在啊⋯\n內容實在太噁心🤮、太令人髮指了\n報導看了感覺超不舒服，大家自己斟酌一下,8045
3729329281437352225_71685374900,大福上學vlog💖\n自從帶老鼠上學被發現後 \n既然大家原來都不怕 \n那我就光明正大了🐭,83143
3889579660926310108_63438857242,我前天跟我姊打賭兩餐漢堡王（家人之間小賭怡情（？），\n起因是我跟我姊說五天內一定會有藍白黨的北七出來說老鼠/鼠患是綠營側翼之類的言論，\n然後姊說不可能，她說她不相信有人可以沒有底線到這種程度，\n我：「所以你覺得他們的無恥已經見底了？」\n我姐：「網軍不好說，但是那些人再怎麼樣也……」\n我：「我相信他們的低能還可以再突破到下水道，畢竟老鼠們都住那。」\n-\n然後今天，多謝王奶奶的造鼠說，\n果然心在下水道的人就是不會讓我失望，\n賺到兩餐wwwwww,4309
3889436152931797303_63088662770,昨天到臺北玫瑰園，看到老鼠。,587
3884586593076264206_73183866377,老實說比起市長選舉\n我更好奇台北市民能忍受老鼠到什麼程度😆,1051
3887505642106345813_64368597731,不懂就問\n為什麼要放老鼠藥挑釁老鼠啊\n人鼠一家親，不能先坐下來好好談嗎😀🤝🐭,4853
3889065671947143128_63473876061,是時候教老鼠傳教了,4792
3889640612250176733_67525438783,台北市有沒有鼠患我不知道，但一直有老鼠是真的，因為我的資深粉絲都知道，我的老家2025年初就被老鼠入侵，我前前後後抓了3隻，後來才發現是家人不小心把天窗打開10cm不自知…..\n我只能告訴大家老鼠比大家想的聰明，也比一堆網軍聰明多了，那些蠢到不行的影片，比如垃圾桶內好幾隻的影片就看看就好。老鼠很聰明的，而且非常狡猾。,841
3886639205074413223_63384281815,注意！雙連站線形公園投放老鼠藥\n\n台北市現在真的有夠鼠勾以 🐭 昨天大白天，脆友發現雙連站附近又鼠輩橫行。今天蔣萬安市府在公園附近投藥，但這樣投藥反而讓大家更擔心！\n\n三天連假要來了，雙連到中山的線形公園現在是台北市最熱鬧的地方，大家都會帶小朋友、寵物來這邊逛街散步，萬一小朋友和寵物誤觸、誤食怎麼辦！！\n\n台北滿街老鼠，蔣萬安的解決方法難道只有滿地老鼠藥嗎？,4729
3791634501257510559_65324045075,美國的新聞上還能看到老鼠在紐約地鐵裡搶麵包,52440
3888879899806031263_64228383647,今天在大安森林公園散步時，一直在想「老鼠藥」這件事⋯⋯\n\n投毒，應該是最後手段，\n除非能馬上把中毒的老鼠屍體集中處理，\n要不然，￼面對城市鼠患，我們其實可以有更科學、更有效、也更負責任的解法。\n⸻\n\n一、從源頭治理：垃圾與基礎設施才是關鍵（治本）\n\n（1）食物來源管理\n城市鼠患的核心，不是老鼠太多，而是「食物太容易取得」，\n推動垃圾不落地與全面密封化，要求商業與住宅區使用密閉式垃圾桶，不要讓街道成為老鼠的「深夜自助餐」。\n\n（2）下水道與管線整修\n定期清疏下水道、修補破損管線，並在排水口設置防鼠閘門，\n切斷老鼠在城市地下的「高速移動路網」。\n\n⸻\n\n二、科技導入：用數據取代盲目投藥（現代化治理）\n\n現代城市治理，不應再依賴大範圍投毒，而是精準出擊：\n\n（1）AI＋熱感應監測\n參考香港經驗，透過熱能攝影與 AI 分析老鼠活動路徑與時間，進行精準防治。\n\n（2）智慧監控系統（IoT）\n在鼠患熱點布建感測器，即時掌握密度變化，提前預警、提前處理。\n⸻\n（圖文相符）,82
3886766452397140033_63401453649,老鼠每個城市都有沒錯\n\n但夜行性的牠們在白天成群出沒就是異常的徵兆,3687
3890062862899635432_64420556960,看到陳水扁分享市長時，如何解決老鼠問題，就是「召集12區的環保清潔人員，集中人力起來一區一區的大掃除，將水溝、防火巷、小巷、公園清理乾淨，每天清除的垃圾立即由環保局垃圾車清運完畢，每區一個禮拜，12區花了12個禮拜。」\n\n沒什麼特別的方法，就是最基本的清掃工作。\n\n可悲的是，已經2026年了，竟還不如一位1994-1998年的市長。,1081
3890135399595053291_65832253648,拍攝日期：04/03\n這幾天看到老鼠打架、老鼠啃豬肉、老鼠游泳⋯\n讓我想到這個一個月前不小心拍到的老鼠爬電纜⋯\n\n老鼠這麼會爬，真的是要注意食物收好！！！\nBTW，還看到有人提醒，\n瓦斯線最近也要頻繁檢查喔！！！,18
3889625520882655698_31040168574,抓老鼠抓老鼠我會抓老鼠～老鼠早就很多了（這是去年），只是現在特別囂張，榮星花園和大安森林公園，我媽早就都不帶我去了，我別的朋友在那抓到的超大尾～\n\n🤓關於老鼠我媽有小小研究過，老鼠不喜歡薄荷油的味道，所以居家環境可以多噴些純薄荷精油臭牠讓牠自己滾，以前她會噴在櫃位上，基本上信義區的百貨打烊後，後場就是老鼠們的三天三夜，眉飛色舞，老鼠吃的飽睡的好，哪隻會去吃鼠藥 😒😒😒，請市長不要便宜行事\n\n👉🏻影片內的老鼠為什麼不跑呢？是因為老鼠已經被我咬了好幾口，甩暈鼠急上樹跑不掉了，然後為什麼我媽在拍是因為她不敢過來⋯⋯怕🙀～～～～\n\n👉🏻後續當然被打屁屁抓去給醫生杯杯看，並徹底洗嘴巴刷牙，現在已經戴上鈴鐺，什麼也抓不到了😓\n\n❤️我好可愛我是快樂的小獵犬\n\n#羊桃#獵犬的正常發揮,28
3889539998245060973_63494169463,現在看到台北一堆老鼠\n就想到我家紗窗被老鼠咬破還入侵我房間\n而且老鼠超愛吃巧克力 把我的零食全部吃光^_^\n害我到現在都不敢放巧克力足球在房間,1591
3888780468150180887_63245667169,昨天看到很多人說台北根本沒老鼠\n今天在Y28又遇到一隻 媽的有夠可愛,1129
3886769416125388831_70860503100,台北市的餐飲業者與攤商們\n\n很抱歉，為了生命與健康\n\n真的必需公開說、在滿街老鼠的狀況改善之前，無法在台北市外食了,33458
3890172148057328153_64214556194,傾聽在地人的聲音： \n「大家好，我是老鼠，我在信義區出生，這次台北市長選舉我堅定支持蔣萬安！」\n\n信義區-國父紀念館,2
